ts,iso_time,dataset,instrument_id,bar,open,high,low,close,volume_contracts,volume_base,volume_quote
1774972800000,2026-03-31T16:00:00Z,candles,BTC-USDT-SWAP,1m,66705,66784.6,66696.2,66779.9,9919.47,99.1947,6620759.8192
1774972860000,2026-03-31T16:01:00Z,candles,BTC-USDT-SWAP,1m,66779.9,66861.3,66779.9,66854.6,8667.13,86.6713,5792692.08539
1774972920000,2026-03-31T16:02:00Z,candles,BTC-USDT-SWAP,1m,66854.7,66918,66841.5,66865.9,6793.63,67.9363,4543904.37718
1774972980000,2026-03-31T16:03:00Z,candles,BTC-USDT-SWAP,1m,66865.9,66880,66805.3,66828.2,3222.04,32.2204,2153665.1284
1774973040000,2026-03-31T16:04:00Z,candles,BTC-USDT-SWAP,1m,66828.2,66844.2,66784.7,66821.8,7304.9,73.049,4881359.58982
1774973100000,2026-03-31T16:05:00Z,candles,BTC-USDT-SWAP,1m,66821.9,66839.8,66798.7,66805.4,3829.77,38.2977,2559285.23241
1774973160000,2026-03-31T16:06:00Z,candles,BTC-USDT-SWAP,1m,66805.4,66914.5,66797.1,66914.4,3815.61,38.1561,2550807.51581
1774973220000,2026-03-31T16:07:00Z,candles,BTC-USDT-SWAP,1m,66914.4,66947.8,66899,66944.8,5199.86,51.9986,3480373.52958
1774973280000,2026-03-31T16:08:00Z,candles,BTC-USDT-SWAP,1m,66944.7,66971.4,66935.9,66945,8844.48,88.4448,5921581.23873
1774973340000,2026-03-31T16:09:00Z,candles,BTC-USDT-SWAP,1m,66945.1,66949.9,66913.1,66940.1,5440.41,54.4041,3641188.26161
1774973400000,2026-03-31T16:10:00Z,candles,BTC-USDT-SWAP,1m,66940,66940.1,66881.7,66905.5,3501.4,35.014,2342550.81965
1774973460000,2026-03-31T16:11:00Z,candles,BTC-USDT-SWAP,1m,66905.4,66905.5,66813.3,66854.4,4364.68,43.6468,2918100.64378
1774973520000,2026-03-31T16:12:00Z,candles,BTC-USDT-SWAP,1m,66854.4,66858.4,66733,66767.2,7031.21,70.3121,4695005.46277
1774973580000,2026-03-31T16:13:00Z,candles,BTC-USDT-SWAP,1m,66767.1,66853.3,66767.1,66853.3,1656.68,16.5668,1106859.404
1774973640000,2026-03-31T16:14:00Z,candles,BTC-USDT-SWAP,1m,66853.3,66918.2,66853.3,66898.9,3143.34,31.4334,2102527.04962
1774973700000,2026-03-31T16:15:00Z,candles,BTC-USDT-SWAP,1m,66898.8,66939,66883.3,66915.1,2583.25,25.8325,1728504.41317
1774973760000,2026-03-31T16:16:00Z,candles,BTC-USDT-SWAP,1m,66915.2,67032,66915.2,66965.9,7987.16,79.8716,5350413.65043
1774973820000,2026-03-31T16:17:00Z,candles,BTC-USDT-SWAP,1m,66965.9,67003.3,66957.1,66987.2,3508.35,35.0835,2350161.30792
1774973880000,2026-03-31T16:18:00Z,candles,BTC-USDT-SWAP,1m,66987.2,67008.8,66973.2,67008.7,3610.49,36.1049,2418724.07076
1774973940000,2026-03-31T16:19:00Z,candles,BTC-USDT-SWAP,1m,67008.7,67008.8,66968.9,66973.7,3538.16,35.3816,2370177.11939
1774974000000,2026-03-31T16:20:00Z,candles,BTC-USDT-SWAP,1m,66973.6,66992,66940.5,66991.9,3484.52,34.8452,2333438.08958
1774974060000,2026-03-31T16:21:00Z,candles,BTC-USDT-SWAP,1m,66992,67000,66975,66999.9,2033.12,20.3312,1361974.04663
1774974120000,2026-03-31T16:22:00Z,candles,BTC-USDT-SWAP,1m,67000,67017.1,66957,66957.1,4238.54,42.3854,2839807.77641
1774974180000,2026-03-31T16:23:00Z,candles,BTC-USDT-SWAP,1m,66957,67013.1,66930,67009.9,2676.3,26.763,1792332.73534
1774974240000,2026-03-31T16:24:00Z,candles,BTC-USDT-SWAP,1m,67010,67166.6,67009.9,67164.9,16918.43,169.1843,11351772.47242
1774974300000,2026-03-31T16:25:00Z,candles,BTC-USDT-SWAP,1m,67165,67174.4,67101.4,67138.2,12872.67,128.7267,8642382.38971
1774974360000,2026-03-31T16:26:00Z,candles,BTC-USDT-SWAP,1m,67138.3,67145.2,67089.6,67103.1,5936.18,59.3618,3984381.05117
1774974420000,2026-03-31T16:27:00Z,candles,BTC-USDT-SWAP,1m,67103.1,67110.5,67075,67105.8,2147.31,21.4731,1440680.40869
1774974480000,2026-03-31T16:28:00Z,candles,BTC-USDT-SWAP,1m,67105.9,67132,67100,67105.7,3401.31,34.0131,2282710.6756
1774974540000,2026-03-31T16:29:00Z,candles,BTC-USDT-SWAP,1m,67105.7,67105.8,67043.1,67062.1,2878.73,28.7873,1930789.17618
1774974600000,2026-03-31T16:30:00Z,candles,BTC-USDT-SWAP,1m,67062.1,67062.2,67025,67051.4,2517.35,25.1735,1687696.43802
1774974660000,2026-03-31T16:31:00Z,candles,BTC-USDT-SWAP,1m,67051.3,67058.2,67021.3,67037.6,2224.07,22.2407,1491002.14929
1774974720000,2026-03-31T16:32:00Z,candles,BTC-USDT-SWAP,1m,67037.6,67097.7,67034.9,67073.4,2459.66,24.5966,1649816.39476
1774974780000,2026-03-31T16:33:00Z,candles,BTC-USDT-SWAP,1m,67073.4,67107.7,67073.4,67090,3075.89,30.7589,2063524.27636
1774974840000,2026-03-31T16:34:00Z,candles,BTC-USDT-SWAP,1m,67090,67104.3,66987.4,66993.4,3261.63,32.6163,2186678.85011
1774974900000,2026-03-31T16:35:00Z,candles,BTC-USDT-SWAP,1m,66993.4,66993.4,66930.2,66948.9,4582.64,45.8264,3068959.03896
1774974960000,2026-03-31T16:36:00Z,candles,BTC-USDT-SWAP,1m,66948.9,67028.9,66948.8,67003.8,2587.67,25.8767,1733428.75351
1774975020000,2026-03-31T16:37:00Z,candles,BTC-USDT-SWAP,1m,67003.8,67123,67001.9,67105,7441.52,74.4152,4992694.4254
1774975080000,2026-03-31T16:38:00Z,candles,BTC-USDT-SWAP,1m,67105,67329.1,67105,67288,38057.38,380.5738,25589122.86848
1774975140000,2026-03-31T16:39:00Z,candles,BTC-USDT-SWAP,1m,67288.1,67488,67257.6,67487.9,29125.22,291.2522,19621397.43521
1774975200000,2026-03-31T16:40:00Z,candles,BTC-USDT-SWAP,1m,67487.9,67717.7,67464.4,67649.5,77562.79,775.6279,52449919.48942
1774975260000,2026-03-31T16:41:00Z,candles,BTC-USDT-SWAP,1m,67649.5,67969.5,67616.5,67959.7,86194.81,861.9481,58483657.19618
1774975320000,2026-03-31T16:42:00Z,candles,BTC-USDT-SWAP,1m,67959.7,67993.3,67781.1,67974.5,54692.59,546.9259,37143764.95916
1774975380000,2026-03-31T16:43:00Z,candles,BTC-USDT-SWAP,1m,67974.5,67993.1,67844.8,67886.9,40211.43,402.1143,27310685.87326
1774975440000,2026-03-31T16:44:00Z,candles,BTC-USDT-SWAP,1m,67886.9,67900,67688,67747,36409.58,364.0958,24671367.67468
1774975500000,2026-03-31T16:45:00Z,candles,BTC-USDT-SWAP,1m,67747,67900,67658.1,67810.5,42955.18,429.5518,29111983.26155
1774975560000,2026-03-31T16:46:00Z,candles,BTC-USDT-SWAP,1m,67810.4,67810.4,67589.5,67615.3,30414.29,304.1429,20572316.18104
1774975620000,2026-03-31T16:47:00Z,candles,BTC-USDT-SWAP,1m,67615.2,67665.2,67520.2,67576.9,21716.47,217.1647,14673843.33213
1774975680000,2026-03-31T16:48:00Z,candles,BTC-USDT-SWAP,1m,67576.9,67583.3,67445.6,67547.1,22707.31,227.0731,15329455.15926
1774975740000,2026-03-31T16:49:00Z,candles,BTC-USDT-SWAP,1m,67547,67751.2,67534.4,67724.3,17929,179.29,12130057.92791
1774975800000,2026-03-31T16:50:00Z,candles,BTC-USDT-SWAP,1m,67724.3,67795,67602.5,67700.1,26642.04,266.4204,18040299.90968
1774975860000,2026-03-31T16:51:00Z,candles,BTC-USDT-SWAP,1m,67700,67743.6,67603.6,67671.5,16635.52,166.3552,11260531.46863
1774975920000,2026-03-31T16:52:00Z,candles,BTC-USDT-SWAP,1m,67671.4,67695.5,67518.8,67614.9,16131.59,161.3159,10910161.60488
1774975980000,2026-03-31T16:53:00Z,candles,BTC-USDT-SWAP,1m,67614.8,67764.5,67580.1,67687.3,12130.05,121.3005,8211686.90264
1774976040000,2026-03-31T16:54:00Z,candles,BTC-USDT-SWAP,1m,67687.1,67699.9,67633.8,67641,4017.71,40.1771,2718696.14977
1774976100000,2026-03-31T16:55:00Z,candles,BTC-USDT-SWAP,1m,67641,67647.1,67585.4,67595.3,9363.15,93.6315,6330809.50082
1774976160000,2026-03-31T16:56:00Z,candles,BTC-USDT-SWAP,1m,67595.2,67616.2,67523.8,67583.2,12887.34,128.8734,8707274.54912
1774976220000,2026-03-31T16:57:00Z,candles,BTC-USDT-SWAP,1m,67583.2,67608,67490.1,67560.3,14287.43,142.8743,9652231.00704
1774976280000,2026-03-31T16:58:00Z,candles,BTC-USDT-SWAP,1m,67560.3,67595,67537.6,67567.4,5638.05,56.3805,3809550.35505
1774976340000,2026-03-31T16:59:00Z,candles,BTC-USDT-SWAP,1m,67567.3,67643.1,67537.8,67643.1,10529.88,105.2988,7117075.9408
1774976400000,2026-03-31T17:00:00Z,candles,BTC-USDT-SWAP,1m,67643,67736,67617.2,67667.3,21256.83,212.5683,14386233.45329
1774976460000,2026-03-31T17:01:00Z,candles,BTC-USDT-SWAP,1m,67667.3,67709,67581.8,67680.9,9912.53,99.1253,6705504.41156
1774976520000,2026-03-31T17:02:00Z,candles,BTC-USDT-SWAP,1m,67681.4,67800,67650,67791,24471.83,244.7183,16574306.02244
1774976580000,2026-03-31T17:03:00Z,candles,BTC-USDT-SWAP,1m,67791.1,67829.4,67734.3,67793.5,13476.62,134.7662,9136280.30401
1774976640000,2026-03-31T17:04:00Z,candles,BTC-USDT-SWAP,1m,67793.6,67850,67765.3,67771.9,13676.29,136.7629,9274469.75428
1774976700000,2026-03-31T17:05:00Z,candles,BTC-USDT-SWAP,1m,67772,67772,67628.6,67668.6,16714.57,167.1457,11314127.21714
1774976760000,2026-03-31T17:06:00Z,candles,BTC-USDT-SWAP,1m,67667.9,67694,67558.2,67574.7,12598.5,125.985,8520288.07545
1774976820000,2026-03-31T17:07:00Z,candles,BTC-USDT-SWAP,1m,67574.7,67623,67544.9,67618.6,10286.9,102.869,6951482.8886
1774976880000,2026-03-31T17:08:00Z,candles,BTC-USDT-SWAP,1m,67618.7,67688.2,67618.7,67677.4,10443.24,104.4324,7065643.14473
1774976940000,2026-03-31T17:09:00Z,candles,BTC-USDT-SWAP,1m,67677.3,67726.9,67590.6,67639.9,17180.32,171.8032,11628520.11209
1774977000000,2026-03-31T17:10:00Z,candles,BTC-USDT-SWAP,1m,67640,67841.4,67613.9,67841.4,25462.91,254.6291,17248204.61574
1774977060000,2026-03-31T17:11:00Z,candles,BTC-USDT-SWAP,1m,67841.3,68110,67806.1,68021.6,86939.08,869.3908,59121161.59635
1774977120000,2026-03-31T17:12:00Z,candles,BTC-USDT-SWAP,1m,68021.5,68021.6,67920.9,68000,37654.55,376.5455,25599498.75395
1774977180000,2026-03-31T17:13:00Z,candles,BTC-USDT-SWAP,1m,68000.1,68248.2,68000.1,68193.4,70475.17,704.7517,48031720.24224
1774977240000,2026-03-31T17:14:00Z,candles,BTC-USDT-SWAP,1m,68193.5,68495.8,68190,68425.2,137747.2,1377.472,94140032.14083
1774977300000,2026-03-31T17:15:00Z,candles,BTC-USDT-SWAP,1m,68425.2,68575.1,68333,68334.6,75707.46,757.0746,51846300.37319
1774977360000,2026-03-31T17:16:00Z,candles,BTC-USDT-SWAP,1m,68334.6,68445,68255,68264.1,31743.98,317.4398,21697367.44289
1774977420000,2026-03-31T17:17:00Z,candles,BTC-USDT-SWAP,1m,68264.1,68320,68206.4,68257.4,31678.55,316.7855,21624171.78881
1774977480000,2026-03-31T17:18:00Z,candles,BTC-USDT-SWAP,1m,68257.3,68300,68223.8,68250.3,14363.41,143.6341,9804610.03204
1774977540000,2026-03-31T17:19:00Z,candles,BTC-USDT-SWAP,1m,68250.2,68270.9,68209,68213.7,10078.2,100.782,6877683.44181
1774977600000,2026-03-31T17:20:00Z,candles,BTC-USDT-SWAP,1m,68213.7,68288,68175,68175,17379.68,173.7968,11859752.64441
1774977660000,2026-03-31T17:21:00Z,candles,BTC-USDT-SWAP,1m,68175.1,68200,68113.1,68162.4,14907.28,149.0728,10159803.3544
1774977720000,2026-03-31T17:22:00Z,candles,BTC-USDT-SWAP,1m,68162.4,68260,68137.9,68249.7,15262.6,152.626,10410044.15517
1774977780000,2026-03-31T17:23:00Z,candles,BTC-USDT-SWAP,1m,68249.6,68385.2,68228.4,68243.8,23681.01,236.8101,16175754.62907
1774977840000,2026-03-31T17:24:00Z,candles,BTC-USDT-SWAP,1m,68243.9,68306.3,68210,68295.2,14859.09,148.5909,10142145.2498
1774977900000,2026-03-31T17:25:00Z,candles,BTC-USDT-SWAP,1m,68295.2,68333,68108.4,68113.4,23993.42,239.9342,16364047.93744
1774977960000,2026-03-31T17:26:00Z,candles,BTC-USDT-SWAP,1m,68113.4,68119.4,68000,68068.5,30012.63,300.1263,20424664.07125
1774978020000,2026-03-31T17:27:00Z,candles,BTC-USDT-SWAP,1m,68068.6,68094,68036.1,68052.3,11497.95,114.9795,7827039.56967
1774978080000,2026-03-31T17:28:00Z,candles,BTC-USDT-SWAP,1m,68052.3,68069.3,67924.8,68007,26706.5,267.065,18154998.27739
1774978140000,2026-03-31T17:29:00Z,candles,BTC-USDT-SWAP,1m,68006.9,68022.7,67955.1,68003.9,10535.97,105.3597,7162846.86028
1774978200000,2026-03-31T17:30:00Z,candles,BTC-USDT-SWAP,1m,68003.9,68008.3,67865.7,67908.4,29637.93,296.3793,20133672.22657
1774978260000,2026-03-31T17:31:00Z,candles,BTC-USDT-SWAP,1m,67908.4,68007.7,67901.2,68004.3,14253.4,142.534,9686177.54952
1774978320000,2026-03-31T17:32:00Z,candles,BTC-USDT-SWAP,1m,68004.4,68091.5,67975.1,67982.9,11081.86,110.8186,7540905.4431
1774978380000,2026-03-31T17:33:00Z,candles,BTC-USDT-SWAP,1m,67983,68001.4,67901.5,67999.7,16619.05,166.1905,11293059.00758
1774978440000,2026-03-31T17:34:00Z,candles,BTC-USDT-SWAP,1m,67999.6,68032.8,67961.9,67995.4,3783.96,37.8396,2573170.14255
1774978500000,2026-03-31T17:35:00Z,candles,BTC-USDT-SWAP,1m,67995.4,68030,67943.8,67943.8,6915.58,69.1558,4702215.03924
1774978560000,2026-03-31T17:36:00Z,candles,BTC-USDT-SWAP,1m,67943.8,67943.9,67690.7,67813.1,35392.65,353.9265,23997764.18625
1774978620000,2026-03-31T17:37:00Z,candles,BTC-USDT-SWAP,1m,67813.1,67819.7,67706.4,67758.2,21499.45,214.9945,14568761.62126
1774978680000,2026-03-31T17:38:00Z,candles,BTC-USDT-SWAP,1m,67758.2,67782.1,67657.8,67711.6,26599.85,265.9985,18009006.31011
1774978740000,2026-03-31T17:39:00Z,candles,BTC-USDT-SWAP,1m,67711.6,67743.7,67651.4,67740.5,11672.35,116.7235,7902409.97729
1774978800000,2026-03-31T17:40:00Z,candles,BTC-USDT-SWAP,1m,67740.5,67740.5,67640.2,67689.5,10414.24,104.1424,7049012.49013
1774978860000,2026-03-31T17:41:00Z,candles,BTC-USDT-SWAP,1m,67689.6,67706.7,67639.7,67657.9,10796.54,107.9654,7306169.73924
1774978920000,2026-03-31T17:42:00Z,candles,BTC-USDT-SWAP,1m,67658.3,67706.7,67640,67706.7,6971.06,69.7106,4717961.53108
1774978980000,2026-03-31T17:43:00Z,candles,BTC-USDT-SWAP,1m,67706.6,67718,67659.4,67679.3,7117.74,71.1774,4817845.47228
1774979040000,2026-03-31T17:44:00Z,candles,BTC-USDT-SWAP,1m,67679.4,67699.9,67573.4,67686.9,16723.03,167.2303,11308220.49643
1774979100000,2026-03-31T17:45:00Z,candles,BTC-USDT-SWAP,1m,67686.9,67735.8,67636.1,67716.3,19094.81,190.9481,12926003.25014
1774979160000,2026-03-31T17:46:00Z,candles,BTC-USDT-SWAP,1m,67716.3,67745.1,67667,67672.6,6973.77,69.7377,4722150.99225
1774979220000,2026-03-31T17:47:00Z,candles,BTC-USDT-SWAP,1m,67672.5,67720,67584.2,67584.3,9355.99,93.5599,6330938.94607
1774979280000,2026-03-31T17:48:00Z,candles,BTC-USDT-SWAP,1m,67584.3,67589.8,67517.7,67552.3,17509.39,175.0939,11828743.73092
1774979340000,2026-03-31T17:49:00Z,candles,BTC-USDT-SWAP,1m,67552.4,67654.2,67541.3,67637.2,8469.83,84.6983,5725247.58555
1774979400000,2026-03-31T17:50:00Z,candles,BTC-USDT-SWAP,1m,67637.2,67676.7,67628.6,67669.1,6240.06,62.4006,4221827.89913
1774979460000,2026-03-31T17:51:00Z,candles,BTC-USDT-SWAP,1m,67669.1,67706,67631,67643,9624.71,96.2471,6513843.21187
1774979520000,2026-03-31T17:52:00Z,candles,BTC-USDT-SWAP,1m,67643,67649.3,67575,67606.3,7504.28,75.0428,5073170.64
1774979580000,2026-03-31T17:53:00Z,candles,BTC-USDT-SWAP,1m,67606.3,67656.9,67490.5,67540,24194.02,241.9402,16345801.67751
1774979640000,2026-03-31T17:54:00Z,candles,BTC-USDT-SWAP,1m,67540,67594.4,67514,67594.4,7715.54,77.1554,5212861.82634
1774979700000,2026-03-31T17:55:00Z,candles,BTC-USDT-SWAP,1m,67594.4,67612.8,67500,67522.7,7593.46,75.9346,5129778.26082
1774979760000,2026-03-31T17:56:00Z,candles,BTC-USDT-SWAP,1m,67522.6,67532.8,67398.8,67432.6,41511.31,415.1131,27992695.91561
1774979820000,2026-03-31T17:57:00Z,candles,BTC-USDT-SWAP,1m,67432.5,67440.7,67388,67407.8,25028.94,250.2894,16871278.28638
1774979880000,2026-03-31T17:58:00Z,candles,BTC-USDT-SWAP,1m,67407.8,67493.5,67373.3,67455.4,16942.83,169.4283,11422960.00161
1774979940000,2026-03-31T17:59:00Z,candles,BTC-USDT-SWAP,1m,67455.4,67514,67432.8,67500.6,7117.94,71.1794,4803424.39471
1774980000000,2026-03-31T18:00:00Z,candles,BTC-USDT-SWAP,1m,67500.6,67568.3,67500.5,67528,9778.48,97.7848,6604000.58301
1774980060000,2026-03-31T18:01:00Z,candles,BTC-USDT-SWAP,1m,67528,67578.4,67500,67553.8,11221.11,112.2111,7579748.99546
1774980120000,2026-03-31T18:02:00Z,candles,BTC-USDT-SWAP,1m,67553.9,67602.1,67553.9,67568.6,8521.69,85.2169,5759341.99294
1774980180000,2026-03-31T18:03:00Z,candles,BTC-USDT-SWAP,1m,67568.6,67627.5,67561.6,67613.4,4246.25,42.4625,2870375.52057
1774980240000,2026-03-31T18:04:00Z,candles,BTC-USDT-SWAP,1m,67613.4,67628.8,67591.7,67597.1,3694.19,36.9419,2497533.0311
1774980300000,2026-03-31T18:05:00Z,candles,BTC-USDT-SWAP,1m,67597,67637.5,67590,67610,7174.16,71.7416,4851151.04193
1774980360000,2026-03-31T18:06:00Z,candles,BTC-USDT-SWAP,1m,67610,67650,67553.3,67579.1,5448.66,54.4866,3683227.26843
1774980420000,2026-03-31T18:07:00Z,candles,BTC-USDT-SWAP,1m,67579,67669.3,67579,67652.7,3582.4,35.824,2423082.51831
1774980480000,2026-03-31T18:08:00Z,candles,BTC-USDT-SWAP,1m,67652.6,67684.7,67633.3,67655.9,7534.83,75.3483,5097827.50019
1774980540000,2026-03-31T18:09:00Z,candles,BTC-USDT-SWAP,1m,67655.9,67777,67655.8,67738.4,12399.76,123.9976,8399907.18626
1774980600000,2026-03-31T18:10:00Z,candles,BTC-USDT-SWAP,1m,67738.3,67738.4,67688.8,67694.6,6020.25,60.2025,4076269.25512
1774980660000,2026-03-31T18:11:00Z,candles,BTC-USDT-SWAP,1m,67694.7,67709.6,67650,67707.1,4378.08,43.7808,2962733.74903
1774980720000,2026-03-31T18:12:00Z,candles,BTC-USDT-SWAP,1m,67707.2,67709.6,67667.5,67667.7,2034.81,20.3481,1377265.20688
1774980780000,2026-03-31T18:13:00Z,candles,BTC-USDT-SWAP,1m,67667.8,67720,67667.7,67720,5966.19,59.6619,4038936.44458
1774980840000,2026-03-31T18:14:00Z,candles,BTC-USDT-SWAP,1m,67720,67753,67711.5,67749.9,4556.27,45.5627,3086420.03731
1774980900000,2026-03-31T18:15:00Z,candles,BTC-USDT-SWAP,1m,67749.9,67861,67738.2,67842.2,13132.17,131.3217,8905412.98755
1774980960000,2026-03-31T18:16:00Z,candles,BTC-USDT-SWAP,1m,67842.3,67875,67797.1,67863.8,5100.05,51.0005,3459580.27808
1774981020000,2026-03-31T18:17:00Z,candles,BTC-USDT-SWAP,1m,67863.7,67928.2,67854.5,67904.2,14087.83,140.8783,9564279.43614
1774981080000,2026-03-31T18:18:00Z,candles,BTC-USDT-SWAP,1m,67904.1,67910.2,67769.8,67769.8,10951.88,109.5188,7430156.17654
1774981140000,2026-03-31T18:19:00Z,candles,BTC-USDT-SWAP,1m,67769.8,67769.8,67700,67720.2,7437.28,74.3728,5037209.03043
1774981200000,2026-03-31T18:20:00Z,candles,BTC-USDT-SWAP,1m,67720.2,67725,67686.5,67704.7,4676.3,46.763,3166096.7651
1774981260000,2026-03-31T18:21:00Z,candles,BTC-USDT-SWAP,1m,67704.8,67770.3,67704.7,67755.8,3717.04,37.1704,2518422.10028
1774981320000,2026-03-31T18:22:00Z,candles,BTC-USDT-SWAP,1m,67755.8,67759.4,67711,67734.7,2018.57,20.1857,1367179.30658
1774981380000,2026-03-31T18:23:00Z,candles,BTC-USDT-SWAP,1m,67734.8,67736,67710.9,67723.3,1938.15,19.3815,1312635.96839
1774981440000,2026-03-31T18:24:00Z,candles,BTC-USDT-SWAP,1m,67723.4,67735.9,67686.4,67699.9,3344.33,33.4433,2264197.24454
1774981500000,2026-03-31T18:25:00Z,candles,BTC-USDT-SWAP,1m,67700,67722.9,67641.7,67665.2,8687.82,86.8782,5879295.1548
1774981560000,2026-03-31T18:26:00Z,candles,BTC-USDT-SWAP,1m,67665.3,67669.7,67603.7,67639.3,8198.3,81.983,5543914.79454
1774981620000,2026-03-31T18:27:00Z,candles,BTC-USDT-SWAP,1m,67639.3,67675,67625.1,67674.9,1794.21,17.9421,1213667.89042
1774981680000,2026-03-31T18:28:00Z,candles,BTC-USDT-SWAP,1m,67674.9,67795,67674.9,67718.1,6729.1,67.291,4559180.77438
1774981740000,2026-03-31T18:29:00Z,candles,BTC-USDT-SWAP,1m,67718.1,67758.2,67714.8,67752.9,977.7,9.777,662348.80646
1774981800000,2026-03-31T18:30:00Z,candles,BTC-USDT-SWAP,1m,67752.9,67809.9,67700.6,67724,7489.13,74.8913,5073290.88376
1774981860000,2026-03-31T18:31:00Z,candles,BTC-USDT-SWAP,1m,67723.9,67736.4,67668,67668,7197.83,71.9783,4872615.67097
1774981920000,2026-03-31T18:32:00Z,candles,BTC-USDT-SWAP,1m,67668,67677.7,67601.1,67619,10149.46,101.4946,6865834.0286
1774981980000,2026-03-31T18:33:00Z,candles,BTC-USDT-SWAP,1m,67619,67717.7,67618.8,67717.7,10729.15,107.2915,7257400.43268
1774982040000,2026-03-31T18:34:00Z,candles,BTC-USDT-SWAP,1m,67717.6,67735.1,67713.3,67722.7,3765.66,37.6566,2550277.80792
1774982100000,2026-03-31T18:35:00Z,candles,BTC-USDT-SWAP,1m,67722.8,67727.2,67660.2,67727.2,15502.09,155.0209,10492906.90459
1774982160000,2026-03-31T18:36:00Z,candles,BTC-USDT-SWAP,1m,67727.2,67790.1,67719.7,67734,4134.91,41.3491,2802147.16124
1774982220000,2026-03-31T18:37:00Z,candles,BTC-USDT-SWAP,1m,67734,67800,67732.2,67790.5,7268.22,72.6822,4924288.94027
1774982280000,2026-03-31T18:38:00Z,candles,BTC-USDT-SWAP,1m,67790.4,67858,67790.4,67832.5,5771.29,57.7129,3914313.4494
1774982340000,2026-03-31T18:39:00Z,candles,BTC-USDT-SWAP,1m,67832.6,67832.6,67800,67800.1,2494.78,24.9478,1691619.10558
1774982400000,2026-03-31T18:40:00Z,candles,BTC-USDT-SWAP,1m,67800,67800,67716,67734.8,4882.48,48.8248,3307698.48786
1774982460000,2026-03-31T18:41:00Z,candles,BTC-USDT-SWAP,1m,67734.8,67738.1,67678.4,67691.8,2145.65,21.4565,1452599.76126
1774982520000,2026-03-31T18:42:00Z,candles,BTC-USDT-SWAP,1m,67691.8,67770,67691.8,67764.5,3685.86,36.8586,2496429.82876
1774982580000,2026-03-31T18:43:00Z,candles,BTC-USDT-SWAP,1m,67764.6,67782.3,67745,67776.9,3949.37,39.4937,2676470.06577
1774982640000,2026-03-31T18:44:00Z,candles,BTC-USDT-SWAP,1m,67776.9,67790.6,67753.2,67790.6,1504.42,15.0442,1019679.4218
1774982700000,2026-03-31T18:45:00Z,candles,BTC-USDT-SWAP,1m,67790.6,67845.1,67789.3,67833.9,5247.77,52.4777,3558236.68898
1774982760000,2026-03-31T18:46:00Z,candles,BTC-USDT-SWAP,1m,67833.8,67917,67810,67893.9,6145.25,61.4525,4171101.14762
1774982820000,2026-03-31T18:47:00Z,candles,BTC-USDT-SWAP,1m,67893.9,67906.3,67876.4,67886.2,3231.58,32.3158,2194135.7462
1774982880000,2026-03-31T18:48:00Z,candles,BTC-USDT-SWAP,1m,67886.2,67886.2,67818.6,67835.1,5589.31,55.8931,3791737.71172
1774982940000,2026-03-31T18:49:00Z,candles,BTC-USDT-SWAP,1m,67835.1,67850,67792.5,67821.3,4997.94,49.9794,3390134.50772
1774983000000,2026-03-31T18:50:00Z,candles,BTC-USDT-SWAP,1m,67821.3,67864.4,67811.3,67823,1672.4,16.724,1134447.18646
1774983060000,2026-03-31T18:51:00Z,candles,BTC-USDT-SWAP,1m,67823,67844.2,67811.9,67817.7,788.25,7.8825,534655.56699
1774983120000,2026-03-31T18:52:00Z,candles,BTC-USDT-SWAP,1m,67817.8,67817.8,67776.6,67776.6,1948.1,19.481,1320730.71826
1774983180000,2026-03-31T18:53:00Z,candles,BTC-USDT-SWAP,1m,67776.6,67812.5,67745.5,67787.1,1785.11,17.8511,1209866.57108
1774983240000,2026-03-31T18:54:00Z,candles,BTC-USDT-SWAP,1m,67787.2,67810.7,67760,67761.9,1062.64,10.6264,720327.2187
1774983300000,2026-03-31T18:55:00Z,candles,BTC-USDT-SWAP,1m,67761.8,67800,67758.2,67799.9,1003.84,10.0384,680361.04036
1774983360000,2026-03-31T18:56:00Z,candles,BTC-USDT-SWAP,1m,67800,67800,67770,67770,1456.49,14.5649,987247.32223
1774983420000,2026-03-31T18:57:00Z,candles,BTC-USDT-SWAP,1m,67770,67770,67696.8,67713,5939.41,59.3941,4021894.37115
1774983480000,2026-03-31T18:58:00Z,candles,BTC-USDT-SWAP,1m,67713.1,67752.5,67710.3,67752.5,3634.34,36.3434,2461532.92466
1774983540000,2026-03-31T18:59:00Z,candles,BTC-USDT-SWAP,1m,67752.6,67822.2,67752.6,67812.7,1195.54,11.9554,810513.18445
1774983600000,2026-03-31T19:00:00Z,candles,BTC-USDT-SWAP,1m,67812.8,67887.8,67812.8,67869.2,8127.63,81.2763,5515375.74272
1774983660000,2026-03-31T19:01:00Z,candles,BTC-USDT-SWAP,1m,67869.3,67911.1,67830.3,67830.3,6859.37,68.5937,4655632.9208
1774983720000,2026-03-31T19:02:00Z,candles,BTC-USDT-SWAP,1m,67830.3,67877.6,67806.4,67866.6,4942.55,49.4255,3353946.24433
1774983780000,2026-03-31T19:03:00Z,candles,BTC-USDT-SWAP,1m,67866.5,67911,67866.5,67906,2145.28,21.4528,1456567.33031
1774983840000,2026-03-31T19:04:00Z,candles,BTC-USDT-SWAP,1m,67906,67913.4,67886.8,67890.5,2783.32,27.8332,1889931.93946
1774983900000,2026-03-31T19:05:00Z,candles,BTC-USDT-SWAP,1m,67890.5,67890.6,67827.3,67841.5,4030.68,40.3068,2734771.46457
1774983960000,2026-03-31T19:06:00Z,candles,BTC-USDT-SWAP,1m,67841.6,67889.9,67827.3,67889.9,976.72,9.7672,662664.61442
1774984020000,2026-03-31T19:07:00Z,candles,BTC-USDT-SWAP,1m,67889.9,67940,67882.9,67939.9,3465.31,34.6531,2353481.17772
1774984080000,2026-03-31T19:08:00Z,candles,BTC-USDT-SWAP,1m,67939.9,67980.1,67854.5,67880.1,7417.9,74.179,5039905.28845
1774984140000,2026-03-31T19:09:00Z,candles,BTC-USDT-SWAP,1m,67880.2,67900,67812.1,67827.8,7654.94,76.5494,5192961.94618
1774984200000,2026-03-31T19:10:00Z,candles,BTC-USDT-SWAP,1m,67827.8,67971,67817.9,67945,6806.1,68.061,4621392.80385
1774984260000,2026-03-31T19:11:00Z,candles,BTC-USDT-SWAP,1m,67945.1,67993.8,67945,67981.3,7759.42,77.5942,5273846.31427
1774984320000,2026-03-31T19:12:00Z,candles,BTC-USDT-SWAP,1m,67981.3,67981.4,67921.5,67928.4,3765.11,37.6511,2558460.07988
1774984380000,2026-03-31T19:13:00Z,candles,BTC-USDT-SWAP,1m,67928.4,67974,67905.1,67970.9,2628.64,26.2864,1785853.2447
1774984440000,2026-03-31T19:14:00Z,candles,BTC-USDT-SWAP,1m,67970.9,67987.4,67955.7,67958.1,3221.23,32.2123,2189660.87915
1774984500000,2026-03-31T19:15:00Z,candles,BTC-USDT-SWAP,1m,67958.1,67998,67937.2,67944.9,3304.59,33.0459,2246076.6234
1774984560000,2026-03-31T19:16:00Z,candles,BTC-USDT-SWAP,1m,67944.9,67993.3,67925,67925,3630.85,36.3085,2467454.86743
1774984620000,2026-03-31T19:17:00Z,candles,BTC-USDT-SWAP,1m,67925,67949.2,67900,67903.5,6720.16,67.2016,4563914.46418
1774984680000,2026-03-31T19:18:00Z,candles,BTC-USDT-SWAP,1m,67903.5,67924.9,67850.3,67903,4122.65,41.2265,2798142.74108
1774984740000,2026-03-31T19:19:00Z,candles,BTC-USDT-SWAP,1m,67903.1,67903.1,67875.4,67892,1195,11.95,811315.13358
1774984800000,2026-03-31T19:20:00Z,candles,BTC-USDT-SWAP,1m,67891.9,67898.3,67823.6,67853.2,9274.81,92.7481,6294047.45105
1774984860000,2026-03-31T19:21:00Z,candles,BTC-USDT-SWAP,1m,67853.1,67898.3,67845,67883.5,2780,27.8,1887023.22961
1774984920000,2026-03-31T19:22:00Z,candles,BTC-USDT-SWAP,1m,67883.5,67924.9,67883.5,67894.1,2389.59,23.8959,1622615.00487
1774984980000,2026-03-31T19:23:00Z,candles,BTC-USDT-SWAP,1m,67894.2,67949.2,67894.1,67925.1,1530.73,15.3073,1039736.82533
1774985040000,2026-03-31T19:24:00Z,candles,BTC-USDT-SWAP,1m,67925.2,67937.3,67899,67899,659.84,6.5984,448106.92721
1774985100000,2026-03-31T19:25:00Z,candles,BTC-USDT-SWAP,1m,67899,67932.1,67894.1,67917.4,1832.53,18.3253,1244630.94585
1774985160000,2026-03-31T19:26:00Z,candles,BTC-USDT-SWAP,1m,67917.4,67925.8,67833,67840.8,2582.03,25.8203,1752037.10757
1774985220000,2026-03-31T19:27:00Z,candles,BTC-USDT-SWAP,1m,67840.8,67891.1,67828.8,67831.9,2627.93,26.2793,1782881.16982
1774985280000,2026-03-31T19:28:00Z,candles,BTC-USDT-SWAP,1m,67831.8,67871,67822.2,67863.1,1987.15,19.8715,1348224.68262
1774985340000,2026-03-31T19:29:00Z,candles,BTC-USDT-SWAP,1m,67863.1,67863.2,67842.1,67845.1,795.91,7.9591,540009.22449
1774985400000,2026-03-31T19:30:00Z,candles,BTC-USDT-SWAP,1m,67845.2,67906.8,67845.2,67853.1,2030.18,20.3018,1378088.59545
1774985460000,2026-03-31T19:31:00Z,candles,BTC-USDT-SWAP,1m,67853.1,67857.1,67801.7,67801.7,3425.81,34.2581,2323615.71049
1774985520000,2026-03-31T19:32:00Z,candles,BTC-USDT-SWAP,1m,67801.8,67811.6,67780.9,67802.5,3544.42,35.4442,2402979.63216
1774985580000,2026-03-31T19:33:00Z,candles,BTC-USDT-SWAP,1m,67802.6,67836.8,67802.5,67836.8,1700.06,17.0006,1153004.79308
1774985640000,2026-03-31T19:34:00Z,candles,BTC-USDT-SWAP,1m,67836.7,67843.7,67812.1,67815.3,1088.05,10.8805,737986.3826
1774985700000,2026-03-31T19:35:00Z,candles,BTC-USDT-SWAP,1m,67815.3,67834.4,67804.6,67819.1,1268.02,12.6802,859922.35961
1774985760000,2026-03-31T19:36:00Z,candles,BTC-USDT-SWAP,1m,67819.1,67866.7,67805.7,67833.1,1378.58,13.7858,935234.58568
1774985820000,2026-03-31T19:37:00Z,candles,BTC-USDT-SWAP,1m,67833.1,67846.7,67820,67820,951.25,9.5125,645294.67504
1774985880000,2026-03-31T19:38:00Z,candles,BTC-USDT-SWAP,1m,67820.1,67820.1,67782.4,67782.5,2551.2,25.512,1729926.47529
1774985940000,2026-03-31T19:39:00Z,candles,BTC-USDT-SWAP,1m,67782.5,67782.5,67708.8,67740.2,8554.2,85.542,5794298.75868
1774986000000,2026-03-31T19:40:00Z,candles,BTC-USDT-SWAP,1m,67740.1,67771.1,67662.7,67771.1,11107.21,111.0721,7519306.93822
1774986060000,2026-03-31T19:41:00Z,candles,BTC-USDT-SWAP,1m,67771.1,67773.5,67730.8,67730.9,1182.27,11.8227,800933.21659
1774986120000,2026-03-31T19:42:00Z,candles,BTC-USDT-SWAP,1m,67730.9,67732.4,67700.5,67726.1,1602.52,16.0252,1085288.98331
1774986180000,2026-03-31T19:43:00Z,candles,BTC-USDT-SWAP,1m,67726.2,67767,67726.1,67766.4,1207.21,12.0721,817868.31911
1774986240000,2026-03-31T19:44:00Z,candles,BTC-USDT-SWAP,1m,67766.5,67801.1,67766.4,67801,1767.92,17.6792,1198384.425
1774986300000,2026-03-31T19:45:00Z,candles,BTC-USDT-SWAP,1m,67801,67820,67782.4,67820,2132.47,21.3247,1445865.53239
1774986360000,2026-03-31T19:46:00Z,candles,BTC-USDT-SWAP,1m,67820,67857.5,67814.4,67857.4,1353.06,13.5306,917870.00159
1774986420000,2026-03-31T19:47:00Z,candles,BTC-USDT-SWAP,1m,67857.4,67920,67857.4,67917.5,3697.89,36.9789,2510686.39753
1774986480000,2026-03-31T19:48:00Z,candles,BTC-USDT-SWAP,1m,67917.4,67939.4,67917.4,67925.2,2746.29,27.4629,1865406.05711
1774986540000,2026-03-31T19:49:00Z,candles,BTC-USDT-SWAP,1m,67925.1,67925.2,67869.6,67882.4,1625.75,16.2575,1103763.73782
1774986600000,2026-03-31T19:50:00Z,candles,BTC-USDT-SWAP,1m,67882.5,67920.2,67862,67862,1819.44,18.1944,1235291.61084
1774986660000,2026-03-31T19:51:00Z,candles,BTC-USDT-SWAP,1m,67862,67878.2,67830.8,67833.5,2200.98,22.0098,1493444.51095
1774986720000,2026-03-31T19:52:00Z,candles,BTC-USDT-SWAP,1m,67833.4,67835.5,67767.5,67769.9,2481.66,24.8166,1682358.55596
1774986780000,2026-03-31T19:53:00Z,candles,BTC-USDT-SWAP,1m,67769.9,67850,67765,67836.4,2907.99,29.0799,1972145.32128
1774986840000,2026-03-31T19:54:00Z,candles,BTC-USDT-SWAP,1m,67836.4,67837.5,67796.9,67810.1,4277,42.77,2900143.1653
1774986900000,2026-03-31T19:55:00Z,candles,BTC-USDT-SWAP,1m,67810.2,67830.8,67777.9,67802.3,3282.8,32.828,2225736.97141
1774986960000,2026-03-31T19:56:00Z,candles,BTC-USDT-SWAP,1m,67802.3,67802.3,67727.4,67745,1552.89,15.5289,1052089.82125
1774987020000,2026-03-31T19:57:00Z,candles,BTC-USDT-SWAP,1m,67745,67780.9,67688.9,67780.9,3426.46,34.2646,2320532.92743
1774987080000,2026-03-31T19:58:00Z,candles,BTC-USDT-SWAP,1m,67780.8,67797.7,67772.7,67777.4,1267.63,12.6763,859254.08185
1774987140000,2026-03-31T19:59:00Z,candles,BTC-USDT-SWAP,1m,67777.4,67857.4,67767.6,67809.4,12585.17,125.8517,8534142.62965
1774987200000,2026-03-31T20:00:00Z,candles,BTC-USDT-SWAP,1m,67808.4,67866.7,67794.4,67856,9583.64,95.8364,6499945.24832
1774987260000,2026-03-31T20:01:00Z,candles,BTC-USDT-SWAP,1m,67855.9,67898.1,67828.6,67895.3,1507.54,15.0754,1023094.7661
1774987320000,2026-03-31T20:02:00Z,candles,BTC-USDT-SWAP,1m,67895.2,67900,67865.3,67874.6,2361.99,23.6199,1603572.99596
1774987380000,2026-03-31T20:03:00Z,candles,BTC-USDT-SWAP,1m,67874.6,67881.2,67832.8,67851,1808.72,18.0872,1227279.89406
1774987440000,2026-03-31T20:04:00Z,candles,BTC-USDT-SWAP,1m,67851,67916.7,67850.9,67916.7,1429.98,14.2998,970671.42177
1774987500000,2026-03-31T20:05:00Z,candles,BTC-USDT-SWAP,1m,67916.7,67950,67901.2,67946.6,2997.1,29.971,2035811.10053
1774987560000,2026-03-31T20:06:00Z,candles,BTC-USDT-SWAP,1m,67946.5,68063.5,67942.5,67986,18089.35,180.8935,12301688.32776
1774987620000,2026-03-31T20:07:00Z,candles,BTC-USDT-SWAP,1m,67986,68037,67955.5,68037,15122.83,151.2283,10283034.14025
1774987680000,2026-03-31T20:08:00Z,candles,BTC-USDT-SWAP,1m,68036.9,68037,68006,68021.3,2124.48,21.2448,1445003.68042
1774987740000,2026-03-31T20:09:00Z,candles,BTC-USDT-SWAP,1m,68021.3,68021.3,68003.8,68020.5,2288.6,22.886,1556586.07249
1774987800000,2026-03-31T20:10:00Z,candles,BTC-USDT-SWAP,1m,68020.5,68051.1,68006.7,68041.1,5448.68,54.4868,3706774.39327
1774987860000,2026-03-31T20:11:00Z,candles,BTC-USDT-SWAP,1m,68041,68120,68041,68119.9,13270.09,132.7009,9035345.61339
1774987920000,2026-03-31T20:12:00Z,candles,BTC-USDT-SWAP,1m,68119.9,68178.7,68095.7,68125.2,9417.97,94.1797,6417073.0622
1774987980000,2026-03-31T20:13:00Z,candles,BTC-USDT-SWAP,1m,68125.2,68162,68120.7,68143.9,2889.02,28.8902,1968835.75238
1774988040000,2026-03-31T20:14:00Z,candles,BTC-USDT-SWAP,1m,68144,68153,68100,68114.8,3515.12,35.1512,2394856.06949
1774988100000,2026-03-31T20:15:00Z,candles,BTC-USDT-SWAP,1m,68114.8,68135.9,68107.9,68115.3,1311.24,13.1124,893260.63343
1774988160000,2026-03-31T20:16:00Z,candles,BTC-USDT-SWAP,1m,68115.3,68115.4,68064.2,68082.2,4534.92,45.3492,3087565.67582
1774988220000,2026-03-31T20:17:00Z,candles,BTC-USDT-SWAP,1m,68082.3,68082.8,68054.7,68072,3153.53,31.5353,2146566.33051
1774988280000,2026-03-31T20:18:00Z,candles,BTC-USDT-SWAP,1m,68072,68077.7,67980.8,67999.8,10219.85,102.1985,6951152.39327
1774988340000,2026-03-31T20:19:00Z,candles,BTC-USDT-SWAP,1m,67999.8,68022.4,67991,67991,2296.25,22.9625,1561691.81529
1774988400000,2026-03-31T20:20:00Z,candles,BTC-USDT-SWAP,1m,67991,68009.2,67963.2,67970.4,4880.28,48.8028,3318296.54852
1774988460000,2026-03-31T20:21:00Z,candles,BTC-USDT-SWAP,1m,67970.5,68008.8,67925.1,67950.5,21796.46,217.9646,14813371.91968
1774988520000,2026-03-31T20:22:00Z,candles,BTC-USDT-SWAP,1m,67950.6,67956.8,67901,67938.6,2797.65,27.9765,1900439.89392
1774988580000,2026-03-31T20:23:00Z,candles,BTC-USDT-SWAP,1m,67938.6,67981.7,67938.6,67974.9,1669.85,16.6985,1134896.87372
1774988640000,2026-03-31T20:24:00Z,candles,BTC-USDT-SWAP,1m,67974.9,67990.9,67973,67979.3,3334.62,33.3462,2267020.03417
1774988700000,2026-03-31T20:25:00Z,candles,BTC-USDT-SWAP,1m,67979.3,67979.3,67938.7,67962.8,3458.35,34.5835,2350242.82026
1774988760000,2026-03-31T20:26:00Z,candles,BTC-USDT-SWAP,1m,67962.8,67962.8,67938.6,67950.8,2071.09,20.7109,1407114.52123
1774988820000,2026-03-31T20:27:00Z,candles,BTC-USDT-SWAP,1m,67950.8,67963.4,67931.1,67937.3,2190.68,21.9068,1488688.89119
1774988880000,2026-03-31T20:28:00Z,candles,BTC-USDT-SWAP,1m,67937.3,67963.4,67931.4,67963.3,1000.52,10.0052,679841.55472
1774988940000,2026-03-31T20:29:00Z,candles,BTC-USDT-SWAP,1m,67963.3,67975,67963.3,67969.3,1277.85,12.7785,868592.77778
1774989000000,2026-03-31T20:30:00Z,candles,BTC-USDT-SWAP,1m,67969.3,67989,67930.9,67930.9,1717.51,17.1751,1167201.89345
1774989060000,2026-03-31T20:31:00Z,candles,BTC-USDT-SWAP,1m,67930.9,67955.8,67916.1,67955.7,2491.82,24.9182,1692687.15839
1774989120000,2026-03-31T20:32:00Z,candles,BTC-USDT-SWAP,1m,67955.7,67967.2,67936.1,67955.2,1619.11,16.1911,1100216.36983
1774989180000,2026-03-31T20:33:00Z,candles,BTC-USDT-SWAP,1m,67955.2,67955.4,67950.6,67950.6,1808.12,18.0812,1228654.94867
1774989240000,2026-03-31T20:34:00Z,candles,BTC-USDT-SWAP,1m,67950.6,67950.7,67925.8,67930.3,1208.05,12.0805,820757.61235
1774989300000,2026-03-31T20:35:00Z,candles,BTC-USDT-SWAP,1m,67930.4,67969,67925.8,67969,752.04,7.5204,510973.08841
1774989360000,2026-03-31T20:36:00Z,candles,BTC-USDT-SWAP,1m,67968.9,68050,67956.3,68042,2830.07,28.3007,1924324.09384
1774989420000,2026-03-31T20:37:00Z,candles,BTC-USDT-SWAP,1m,68041.9,68066.9,68025,68048.1,3605.23,36.0523,2453048.18292
1774989480000,2026-03-31T20:38:00Z,candles,BTC-USDT-SWAP,1m,68048.1,68099.7,68041.3,68088.9,3237.58,32.3758,2204182.13774
1774989540000,2026-03-31T20:39:00Z,candles,BTC-USDT-SWAP,1m,68088.8,68088.9,68050.8,68061.6,1522.25,15.2225,1036332.93526
1774989600000,2026-03-31T20:40:00Z,candles,BTC-USDT-SWAP,1m,68061.6,68061.6,68020.3,68028.7,1267.53,12.6753,862452.12209
1774989660000,2026-03-31T20:41:00Z,candles,BTC-USDT-SWAP,1m,68028.7,68028.9,68007,68028.8,1140.98,11.4098,776093.22899
1774989720000,2026-03-31T20:42:00Z,candles,BTC-USDT-SWAP,1m,68028.8,68049.7,68025.5,68049.6,623.56,6.2356,424215.22561
1774989780000,2026-03-31T20:43:00Z,candles,BTC-USDT-SWAP,1m,68049.6,68065,67999.6,68006.9,3658.88,36.5888,2488672.54877
1774989840000,2026-03-31T20:44:00Z,candles,BTC-USDT-SWAP,1m,68006.9,68013.4,68006.9,68013.3,425.27,4.2527,289229.85613
1774989900000,2026-03-31T20:45:00Z,candles,BTC-USDT-SWAP,1m,68013.3,68020.3,67984.6,68000,1031.39,10.3139,701360.88617
1774989960000,2026-03-31T20:46:00Z,candles,BTC-USDT-SWAP,1m,67999.9,68040.1,67999.9,68017.2,3697.81,36.9781,2515435.27751
1774990020000,2026-03-31T20:47:00Z,candles,BTC-USDT-SWAP,1m,68017.2,68145.6,68017.2,68120.7,10167.87,101.6787,6923397.87232
1774990080000,2026-03-31T20:48:00Z,candles,BTC-USDT-SWAP,1m,68120.7,68150,68110.8,68120.7,2140.53,21.4053,1458356.47643
1774990140000,2026-03-31T20:49:00Z,candles,BTC-USDT-SWAP,1m,68120.7,68190.8,68120,68133.3,8014.39,80.1439,5463581.94411
1774990200000,2026-03-31T20:50:00Z,candles,BTC-USDT-SWAP,1m,68133.3,68135.1,68077.7,68113.4,8987.03,89.8703,6120748.28514
1774990260000,2026-03-31T20:51:00Z,candles,BTC-USDT-SWAP,1m,68113.4,68141,68113.4,68140.9,3262.49,32.6249,2222534.49183
1774990320000,2026-03-31T20:52:00Z,candles,BTC-USDT-SWAP,1m,68141,68155,68140.1,68155,1831.85,18.3185,1248373.34569
1774990380000,2026-03-31T20:53:00Z,candles,BTC-USDT-SWAP,1m,68154.9,68177.9,68154.9,68177.8,1479.73,14.7973,1008802.2503
1774990440000,2026-03-31T20:54:00Z,candles,BTC-USDT-SWAP,1m,68177.8,68183.2,68150,68178.4,3316.19,33.1619,2260776.98809
1774990500000,2026-03-31T20:55:00Z,candles,BTC-USDT-SWAP,1m,68178.3,68188,68146.3,68182,944.28,9.4428,643656.68884
1774990560000,2026-03-31T20:56:00Z,candles,BTC-USDT-SWAP,1m,68182.1,68188,68165.7,68165.7,624.32,6.2432,425642.89194
1774990620000,2026-03-31T20:57:00Z,candles,BTC-USDT-SWAP,1m,68165.7,68221.8,68154.4,68214.2,10682.05,106.8205,7284618.30277
1774990680000,2026-03-31T20:58:00Z,candles,BTC-USDT-SWAP,1m,68214.2,68236,68203.7,68213.3,5456.87,54.5687,3722748.54869
1774990740000,2026-03-31T20:59:00Z,candles,BTC-USDT-SWAP,1m,68213.3,68236,68213.3,68228.9,1542.94,15.4294,1052729.95023
1774990800000,2026-03-31T21:00:00Z,candles,BTC-USDT-SWAP,1m,68229,68229,68145.7,68153.7,8910.79,89.1079,6077126.95925
1774990860000,2026-03-31T21:01:00Z,candles,BTC-USDT-SWAP,1m,68153.7,68153.8,68067.7,68069.2,5394.7,53.947,3673994.97812
1774990920000,2026-03-31T21:02:00Z,candles,BTC-USDT-SWAP,1m,68069.3,68087.5,68051.3,68076.1,8678.66,86.7866,5907418.0444
1774990980000,2026-03-31T21:03:00Z,candles,BTC-USDT-SWAP,1m,68076.1,68122.1,68060.1,68060.1,2534.45,25.3445,1725767.88313
1774991040000,2026-03-31T21:04:00Z,candles,BTC-USDT-SWAP,1m,68060.1,68060.1,67978.7,68036,7604.6,76.046,5172659.27844
1774991100000,2026-03-31T21:05:00Z,candles,BTC-USDT-SWAP,1m,68036.1,68087.1,68027.2,68085.2,1835.39,18.3539,1249172.4559
1774991160000,2026-03-31T21:06:00Z,candles,BTC-USDT-SWAP,1m,68085.3,68100,68076.9,68076.9,1059.26,10.5926,721262.43112
1774991220000,2026-03-31T21:07:00Z,candles,BTC-USDT-SWAP,1m,68076.9,68077,68040.7,68057.4,2774.7,27.747,1888411.11651
1774991280000,2026-03-31T21:08:00Z,candles,BTC-USDT-SWAP,1m,68057.5,68057.5,68024.2,68035.7,711.04,7.1104,483799.32544
1774991340000,2026-03-31T21:09:00Z,candles,BTC-USDT-SWAP,1m,68035.8,68035.8,67966,67966.1,7853.19,78.5319,5340195.84066
1774991400000,2026-03-31T21:10:00Z,candles,BTC-USDT-SWAP,1m,67966,67972.8,67961,67972.8,2338.54,23.3854,1589374.07861
1774991460000,2026-03-31T21:11:00Z,candles,BTC-USDT-SWAP,1m,67972.8,67991.1,67957.1,67962.9,3876.8,38.768,2635070.75593
1774991520000,2026-03-31T21:12:00Z,candles,BTC-USDT-SWAP,1m,67962.9,67962.9,67930.5,67930.5,2756.98,27.5698,1873416.04256
1774991580000,2026-03-31T21:13:00Z,candles,BTC-USDT-SWAP,1m,67930.5,67981.4,67911.5,67960.6,3350.43,33.5043,2276568.53442
1774991640000,2026-03-31T21:14:00Z,candles,BTC-USDT-SWAP,1m,67960.6,67981.4,67950,67981.4,1843.73,18.4373,1253033.61439
1774991700000,2026-03-31T21:15:00Z,candles,BTC-USDT-SWAP,1m,67981.4,68010.1,67945.1,67945.1,2582.47,25.8247,1755266.90616
1774991760000,2026-03-31T21:16:00Z,candles,BTC-USDT-SWAP,1m,67945,67945.1,67911.1,67915.3,2653.13,26.5313,1802265.81987
1774991820000,2026-03-31T21:17:00Z,candles,BTC-USDT-SWAP,1m,67915.2,67960,67915.2,67921.5,5895.13,58.9513,4005582.00472
1774991880000,2026-03-31T21:18:00Z,candles,BTC-USDT-SWAP,1m,67921.5,67932.2,67880.5,67914.1,4434.2,44.342,3011024.35369
1774991940000,2026-03-31T21:19:00Z,candles,BTC-USDT-SWAP,1m,67914.1,67935.4,67891.5,67921.8,4480.56,44.8056,3043136.4161
1774992000000,2026-03-31T21:20:00Z,candles,BTC-USDT-SWAP,1m,67921.8,67935.4,67915.4,67915.4,779.26,7.7926,529289.84849
1774992060000,2026-03-31T21:21:00Z,candles,BTC-USDT-SWAP,1m,67915.5,67915.5,67866.4,67866.5,2316.05,23.1605,1572191.99562
1774992120000,2026-03-31T21:22:00Z,candles,BTC-USDT-SWAP,1m,67866.5,67905,67841.4,67866.4,3888.17,38.8817,2639325.94985
1774992180000,2026-03-31T21:23:00Z,candles,BTC-USDT-SWAP,1m,67866.4,67917.3,67866.4,67907.8,3230.75,32.3075,2193730.99184
1774992240000,2026-03-31T21:24:00Z,candles,BTC-USDT-SWAP,1m,67907.7,67917.1,67901.1,67917.1,1193.85,11.9385,810698.16355
1774992300000,2026-03-31T21:25:00Z,candles,BTC-USDT-SWAP,1m,67917.1,67999.1,67917,67984.9,5469.2,54.692,3716657.05281
1774992360000,2026-03-31T21:26:00Z,candles,BTC-USDT-SWAP,1m,67984.8,68023.3,67984.8,68023.3,1206.71,12.0671,820602.94145
1774992420000,2026-03-31T21:27:00Z,candles,BTC-USDT-SWAP,1m,68023.3,68023.3,67989.6,67991.4,1067.08,10.6708,725607.43677
1774992480000,2026-03-31T21:28:00Z,candles,BTC-USDT-SWAP,1m,67991.3,67991.4,67973.3,67978.9,1639.56,16.3956,1114659.42992
1774992540000,2026-03-31T21:29:00Z,candles,BTC-USDT-SWAP,1m,67979,68000,67978.9,68000,1153.22,11.5322,784062.28928
1774992600000,2026-03-31T21:30:00Z,candles,BTC-USDT-SWAP,1m,68000,68030.1,67996.5,68030,4863.11,48.6311,3307389.51449
1774992660000,2026-03-31T21:31:00Z,candles,BTC-USDT-SWAP,1m,68030.1,68061.8,68030.1,68047.4,2412.39,24.1239,1641610.05402
1774992720000,2026-03-31T21:32:00Z,candles,BTC-USDT-SWAP,1m,68047.4,68091.8,68047.4,68053.2,2289.34,22.8934,1558411.59446
1774992780000,2026-03-31T21:33:00Z,candles,BTC-USDT-SWAP,1m,68053.2,68078.7,68053.2,68075.5,1065.67,10.6567,725398.35534
1774992840000,2026-03-31T21:34:00Z,candles,BTC-USDT-SWAP,1m,68075.6,68086.6,68051,68051,927.26,9.2726,631273.9654
1774992900000,2026-03-31T21:35:00Z,candles,BTC-USDT-SWAP,1m,68051,68060.7,68016.9,68060.6,1177.25,11.7725,800957.33794
1774992960000,2026-03-31T21:36:00Z,candles,BTC-USDT-SWAP,1m,68060.6,68063.1,68049,68063,1589.57,15.8957,1081841.07789
1774993020000,2026-03-31T21:37:00Z,candles,BTC-USDT-SWAP,1m,68063,68063,68046.2,68046.2,1013.93,10.1393,689996.13858
1774993080000,2026-03-31T21:38:00Z,candles,BTC-USDT-SWAP,1m,68046.2,68085.6,68038.7,68083.2,1614.82,16.1482,1098978.43826
1774993140000,2026-03-31T21:39:00Z,candles,BTC-USDT-SWAP,1m,68083.2,68086.5,68061.3,68061.4,3737.75,37.3775,2544465.56182
1774993200000,2026-03-31T21:40:00Z,candles,BTC-USDT-SWAP,1m,68061.4,68112.4,68061.2,68077.5,1867.79,18.6779,1271824.48561
1774993260000,2026-03-31T21:41:00Z,candles,BTC-USDT-SWAP,1m,68077.4,68128.5,68068,68126.1,2972,29.72,2024350.66243
1774993320000,2026-03-31T21:42:00Z,candles,BTC-USDT-SWAP,1m,68126.1,68139,68108.8,68113.7,2120.66,21.2066,1444652.60392
1774993380000,2026-03-31T21:43:00Z,candles,BTC-USDT-SWAP,1m,68113.6,68139,68100,68102.7,2640.14,26.4014,1798401.94829
1774993440000,2026-03-31T21:44:00Z,candles,BTC-USDT-SWAP,1m,68102.6,68135.7,68097.6,68133.6,2596.67,25.9667,1768899.73582
1774993500000,2026-03-31T21:45:00Z,candles,BTC-USDT-SWAP,1m,68133.7,68135.1,68120.3,68134.9,1574.04,15.7404,1072389.60124
1774993560000,2026-03-31T21:46:00Z,candles,BTC-USDT-SWAP,1m,68134.9,68135.3,68130,68130,515.6,5.156,351302.84866
1774993620000,2026-03-31T21:47:00Z,candles,BTC-USDT-SWAP,1m,68130,68143.2,68130,68130,923.8,9.238,629467.52006
1774993680000,2026-03-31T21:48:00Z,candles,BTC-USDT-SWAP,1m,68130.1,68159.3,68128.3,68159.3,3776.77,37.7677,2573487.45499
1774993740000,2026-03-31T21:49:00Z,candles,BTC-USDT-SWAP,1m,68159.3,68187,68159.3,68187,1926.52,19.2652,1313541.91713
1774993800000,2026-03-31T21:50:00Z,candles,BTC-USDT-SWAP,1m,68187,68215.8,68187,68198.4,11420.53,114.2053,7789865.02357
1774993860000,2026-03-31T21:51:00Z,candles,BTC-USDT-SWAP,1m,68198.3,68198.4,68150.6,68177.9,2481.72,24.8172,1691785.01193
1774993920000,2026-03-31T21:52:00Z,candles,BTC-USDT-SWAP,1m,68177.9,68333.3,68177.9,68333.3,21031.18,210.3118,14361086.12171
1774993980000,2026-03-31T21:53:00Z,candles,BTC-USDT-SWAP,1m,68333.2,68345.2,68261.8,68318.8,6210.48,62.1048,4242557.4906
1774994040000,2026-03-31T21:54:00Z,candles,BTC-USDT-SWAP,1m,68318.8,68358,68315.8,68340.6,6888.24,68.8824,4707510.79239
1774994100000,2026-03-31T21:55:00Z,candles,BTC-USDT-SWAP,1m,68340.6,68382.7,68321.3,68321.3,6955.34,69.5534,4754481.74267
1774994160000,2026-03-31T21:56:00Z,candles,BTC-USDT-SWAP,1m,68321.3,68321.3,68214.7,68239,6261.35,62.6135,4275081.64417
1774994220000,2026-03-31T21:57:00Z,candles,BTC-USDT-SWAP,1m,68239,68257.6,68237.5,68239.2,3218.75,32.1875,2196737.68948
1774994280000,2026-03-31T21:58:00Z,candles,BTC-USDT-SWAP,1m,68239.2,68239.3,68204.3,68204.3,1489.77,14.8977,1016242.21541
1774994340000,2026-03-31T21:59:00Z,candles,BTC-USDT-SWAP,1m,68204.4,68251.7,68204.3,68241.5,3049.6,30.496,2081030.55213
1774994400000,2026-03-31T22:00:00Z,candles,BTC-USDT-SWAP,1m,68241.5,68316.2,68217.3,68217.3,9648.06,96.4806,6585183.83877
1774994460000,2026-03-31T22:01:00Z,candles,BTC-USDT-SWAP,1m,68217.3,68217.3,68145,68162.3,4379.92,43.7992,2986076.60705
1774994520000,2026-03-31T22:02:00Z,candles,BTC-USDT-SWAP,1m,68162.3,68193.9,68162.2,68170.9,2354.87,23.5487,1605468.61726
1774994580000,2026-03-31T22:03:00Z,candles,BTC-USDT-SWAP,1m,68171,68200,68145,68199.9,3924.18,39.2418,2674989.79332
1774994640000,2026-03-31T22:04:00Z,candles,BTC-USDT-SWAP,1m,68199.9,68217.2,68175,68175,2030.22,20.3022,1384632.0136
1774994700000,2026-03-31T22:05:00Z,candles,BTC-USDT-SWAP,1m,68175,68207.5,68168.3,68188.4,2529.06,25.2906,1724753.23525
1774994760000,2026-03-31T22:06:00Z,candles,BTC-USDT-SWAP,1m,68188.4,68236.4,68174.8,68174.8,6378.33,63.7833,4350992.45847
1774994820000,2026-03-31T22:07:00Z,candles,BTC-USDT-SWAP,1m,68174.8,68183.2,68128.6,68137.9,2363.49,23.6349,1610773.71899
1774994880000,2026-03-31T22:08:00Z,candles,BTC-USDT-SWAP,1m,68138,68155.8,68015.8,68024.4,9888.7,98.887,6732587.82868
1774994940000,2026-03-31T22:09:00Z,candles,BTC-USDT-SWAP,1m,68024.4,68075,68024.4,68075,2877.97,28.7797,1958521.82239
1774995000000,2026-03-31T22:10:00Z,candles,BTC-USDT-SWAP,1m,68075,68100,68074.9,68100,1267.57,12.6757,863075.36972
1774995060000,2026-03-31T22:11:00Z,candles,BTC-USDT-SWAP,1m,68100,68155.5,68099.9,68137.2,5208.34,52.0834,3548878.12796
1774995120000,2026-03-31T22:12:00Z,candles,BTC-USDT-SWAP,1m,68137.2,68149.6,68098.4,68105.4,1342.87,13.4287,914918.55392
1774995180000,2026-03-31T22:13:00Z,candles,BTC-USDT-SWAP,1m,68105.4,68115.2,68092.4,68092.5,931.52,9.3152,634406.82805
1774995240000,2026-03-31T22:14:00Z,candles,BTC-USDT-SWAP,1m,68092.5,68189.4,68092.4,68176.7,1621.39,16.2139,1105021.42364
1774995300000,2026-03-31T22:15:00Z,candles,BTC-USDT-SWAP,1m,68176.7,68238,68157.5,68221.4,2487.48,24.8748,1696572.4819
1774995360000,2026-03-31T22:16:00Z,candles,BTC-USDT-SWAP,1m,68221.5,68221.5,68165.1,68167.5,1590.34,15.9034,1084520.05762
1774995420000,2026-03-31T22:17:00Z,candles,BTC-USDT-SWAP,1m,68167.5,68172.2,68157.1,68158.9,1282.84,12.8284,874424.05865
1774995480000,2026-03-31T22:18:00Z,candles,BTC-USDT-SWAP,1m,68158.9,68171,68150,68150,1652.21,16.5221,1126107.93983
1774995540000,2026-03-31T22:19:00Z,candles,BTC-USDT-SWAP,1m,68150.1,68201.2,68150.1,68189.5,5336.51,53.3651,3638041.75755
1774995600000,2026-03-31T22:20:00Z,candles,BTC-USDT-SWAP,1m,68189.4,68260,68189,68259.9,2961.49,29.6149,2020661.16845
1774995660000,2026-03-31T22:21:00Z,candles,BTC-USDT-SWAP,1m,68259.9,68260.9,68180,68180,5954.29,59.5429,4062451.30708
1774995720000,2026-03-31T22:22:00Z,candles,BTC-USDT-SWAP,1m,68180.1,68212.6,68158.2,68171.9,2522.58,25.2258,1720156.47093
1774995780000,2026-03-31T22:23:00Z,candles,BTC-USDT-SWAP,1m,68171.9,68172,68158.3,68161.9,1047.31,10.4731,713905.85686
1774995840000,2026-03-31T22:24:00Z,candles,BTC-USDT-SWAP,1m,68161.9,68170.7,68144.2,68161.9,2328.01,23.2801,1586784.45749
1774995900000,2026-03-31T22:25:00Z,candles,BTC-USDT-SWAP,1m,68162,68162,68080.3,68125.1,3122.56,31.2256,2126902.37599
1774995960000,2026-03-31T22:26:00Z,candles,BTC-USDT-SWAP,1m,68125,68136.6,68083.5,68083.5,1622.64,16.2264,1105347.55881
1774996020000,2026-03-31T22:27:00Z,candles,BTC-USDT-SWAP,1m,68083.5,68083.6,68060,68069.9,1726.08,17.2608,1174972.6455
1774996080000,2026-03-31T22:28:00Z,candles,BTC-USDT-SWAP,1m,68069.9,68121.2,68069.9,68117.8,2604.35,26.0435,1773402.61246
1774996140000,2026-03-31T22:29:00Z,candles,BTC-USDT-SWAP,1m,68117.8,68117.9,68081.5,68081.5,808.37,8.0837,550503.91185
1774996200000,2026-03-31T22:30:00Z,candles,BTC-USDT-SWAP,1m,68081.5,68088.4,68040,68044.4,4311.91,43.1191,2934968.92849
1774996260000,2026-03-31T22:31:00Z,candles,BTC-USDT-SWAP,1m,68044.5,68067.9,68030.6,68054.9,4899.72,48.9972,3333999.04605
1774996320000,2026-03-31T22:32:00Z,candles,BTC-USDT-SWAP,1m,68055,68055,67969.4,67982.9,9663.31,96.6331,6570574.31729
1774996380000,2026-03-31T22:33:00Z,candles,BTC-USDT-SWAP,1m,67983,67999.9,67930,67999.9,4894.79,48.9479,3326741.5184
1774996440000,2026-03-31T22:34:00Z,candles,BTC-USDT-SWAP,1m,67999.9,68025,67989.9,68010.1,1591.3,15.913,1082247.21174
1774996500000,2026-03-31T22:35:00Z,candles,BTC-USDT-SWAP,1m,68010.2,68040.1,68010.1,68040.1,646.14,6.4614,439527.31235
1774996560000,2026-03-31T22:36:00Z,candles,BTC-USDT-SWAP,1m,68040.1,68047.7,67993.8,68001.9,2427.6,24.276,1650925.17764
1774996620000,2026-03-31T22:37:00Z,candles,BTC-USDT-SWAP,1m,68002,68032.7,68001.9,68013.7,2333.35,23.3335,1587098.3038
1774996680000,2026-03-31T22:38:00Z,candles,BTC-USDT-SWAP,1m,68013.7,68042,68013.7,68042,1970.61,19.7061,1340572.47501
1774996740000,2026-03-31T22:39:00Z,candles,BTC-USDT-SWAP,1m,68042,68053.4,68030.6,68040.6,1036.57,10.3657,705302.82096
1774996800000,2026-03-31T22:40:00Z,candles,BTC-USDT-SWAP,1m,68040.6,68081.1,68040.6,68081.1,2447.06,24.4706,1665690.07876
1774996860000,2026-03-31T22:41:00Z,candles,BTC-USDT-SWAP,1m,68081,68113.1,68081,68084.1,2644.08,26.4408,1800671.13689
1774996920000,2026-03-31T22:42:00Z,candles,BTC-USDT-SWAP,1m,68084.1,68140.4,68075.8,68140.4,2014.55,20.1455,1371787.61329
1774996980000,2026-03-31T22:43:00Z,candles,BTC-USDT-SWAP,1m,68140.4,68173.9,68131.6,68172.2,3229.74,32.2974,2201249.33569
1774997040000,2026-03-31T22:44:00Z,candles,BTC-USDT-SWAP,1m,68172.1,68212.3,68151,68151,2480.71,24.8071,1691535.95957
1774997100000,2026-03-31T22:45:00Z,candles,BTC-USDT-SWAP,1m,68151.1,68151.1,68119.2,68126.4,2114.32,21.1432,1440615.94975
1774997160000,2026-03-31T22:46:00Z,candles,BTC-USDT-SWAP,1m,68126.3,68126.4,68104.5,68104.5,1322.48,13.2248,900803.04361
1774997220000,2026-03-31T22:47:00Z,candles,BTC-USDT-SWAP,1m,68104.6,68104.6,68070.8,68100.1,1011.15,10.1115,688485.54399
1774997280000,2026-03-31T22:48:00Z,candles,BTC-USDT-SWAP,1m,68100.1,68113.3,68090.1,68090.1,698.21,6.9821,475519.20571
1774997340000,2026-03-31T22:49:00Z,candles,BTC-USDT-SWAP,1m,68090.1,68140.1,68090.1,68140.1,2743.77,27.4377,1868981.04043
1774997400000,2026-03-31T22:50:00Z,candles,BTC-USDT-SWAP,1m,68140,68163.1,68117.9,68163.1,1584.12,15.8412,1079502.96726
1774997460000,2026-03-31T22:51:00Z,candles,BTC-USDT-SWAP,1m,68163,68163,68147,68159.2,737.75,7.3775,502816.35622
1774997520000,2026-03-31T22:52:00Z,candles,BTC-USDT-SWAP,1m,68159.3,68180.6,68159.2,68160,1434.37,14.3437,977834.36772
1774997580000,2026-03-31T22:53:00Z,candles,BTC-USDT-SWAP,1m,68160.1,68167.9,68137.4,68143.9,1018.67,10.1867,694266.64112
1774997640000,2026-03-31T22:54:00Z,candles,BTC-USDT-SWAP,1m,68143.9,68184.7,68143.9,68144.4,2493.14,24.9314,1699511.84158
1774997700000,2026-03-31T22:55:00Z,candles,BTC-USDT-SWAP,1m,68144.4,68150.1,68125.7,68150,1143.78,11.4378,779387.22379
1774997760000,2026-03-31T22:56:00Z,candles,BTC-USDT-SWAP,1m,68150,68162.6,68150,68158.2,757.49,7.5749,516283.40658
1774997820000,2026-03-31T22:57:00Z,candles,BTC-USDT-SWAP,1m,68158.2,68159,68145.6,68158.9,681.93,6.8193,464761.76636
1774997880000,2026-03-31T22:58:00Z,candles,BTC-USDT-SWAP,1m,68158.9,68190.6,68158.9,68187,1436.94,14.3694,979734.70227
1774997940000,2026-03-31T22:59:00Z,candles,BTC-USDT-SWAP,1m,68186.9,68187,68137.4,68148.9,3042.12,30.4212,2073683.14778
1774998000000,2026-03-31T23:00:00Z,candles,BTC-USDT-SWAP,1m,68149,68173.8,68133.3,68133.3,6799.42,67.9942,4634588.78076
1774998060000,2026-03-31T23:01:00Z,candles,BTC-USDT-SWAP,1m,68133.3,68133.4,68084.7,68100,2454.08,24.5408,1671280.77484
1774998120000,2026-03-31T23:02:00Z,candles,BTC-USDT-SWAP,1m,68100,68110.8,68057.9,68068.3,1407.52,14.0752,958333.13745
1774998180000,2026-03-31T23:03:00Z,candles,BTC-USDT-SWAP,1m,68068.3,68095.5,68068.3,68091.3,2242.37,22.4237,1526588.10143
1774998240000,2026-03-31T23:04:00Z,candles,BTC-USDT-SWAP,1m,68091.3,68127.5,68091.3,68115.3,1587.82,15.8782,1081466.53288
1774998300000,2026-03-31T23:05:00Z,candles,BTC-USDT-SWAP,1m,68115.3,68135.2,68104.6,68129.1,3096.48,30.9648,2109449.03296
1774998360000,2026-03-31T23:06:00Z,candles,BTC-USDT-SWAP,1m,68129.2,68138.2,68100,68138.1,1794.81,17.9481,1222448.55676
1774998420000,2026-03-31T23:07:00Z,candles,BTC-USDT-SWAP,1m,68138.2,68225.1,68138.2,68217.2,7007.78,70.0778,4779668.79787
1774998480000,2026-03-31T23:08:00Z,candles,BTC-USDT-SWAP,1m,68217.2,68248.7,68204.4,68220,4503.19,45.0319,3072311.0724
1774998540000,2026-03-31T23:09:00Z,candles,BTC-USDT-SWAP,1m,68220.1,68251.6,68220,68225.1,2330.28,23.3028,1590088.46463
1774998600000,2026-03-31T23:10:00Z,candles,BTC-USDT-SWAP,1m,68225,68252,68189,68212.2,3907.32,39.0732,2665364.22496
1774998660000,2026-03-31T23:11:00Z,candles,BTC-USDT-SWAP,1m,68212.3,68225,68176.1,68176.2,1438.55,14.3855,981235.79089
1774998720000,2026-03-31T23:12:00Z,candles,BTC-USDT-SWAP,1m,68176.1,68211.9,68176.1,68211.9,1795.35,17.9535,1224265.85012
1774998780000,2026-03-31T23:13:00Z,candles,BTC-USDT-SWAP,1m,68211.9,68212,68199.9,68206.8,904.08,9.0408,616629.97214
1774998840000,2026-03-31T23:14:00Z,candles,BTC-USDT-SWAP,1m,68206.9,68231.6,68164.2,68185,13800.08,138.0008,9410257.70688
1774998900000,2026-03-31T23:15:00Z,candles,BTC-USDT-SWAP,1m,68185.1,68185.4,68135.1,68156.9,4897.49,48.9749,3338289.24271
1774998960000,2026-03-31T23:16:00Z,candles,BTC-USDT-SWAP,1m,68156.8,68205.9,68156.8,68205.9,6427.29,64.2729,4380934.63334
1774999020000,2026-03-31T23:17:00Z,candles,BTC-USDT-SWAP,1m,68205.9,68342.4,68205.9,68319,8207.96,82.0796,5604843.77415
1774999080000,2026-03-31T23:18:00Z,candles,BTC-USDT-SWAP,1m,68319,68328.7,68228,68325,9592.77,95.9277,6549752.1992
1774999140000,2026-03-31T23:19:00Z,candles,BTC-USDT-SWAP,1m,68325,68334.5,68303.7,68311.7,7395.79,73.9579,5053163.28059
1774999200000,2026-03-31T23:20:00Z,candles,BTC-USDT-SWAP,1m,68311.7,68330.7,68285.3,68285.3,2799.89,27.9989,1912520.93864
1774999260000,2026-03-31T23:21:00Z,candles,BTC-USDT-SWAP,1m,68285.3,68289.4,68254.3,68255.2,1437.19,14.3719,981131.47307
1774999320000,2026-03-31T23:22:00Z,candles,BTC-USDT-SWAP,1m,68255.2,68255.2,68216.4,68218.5,3097.92,30.9792,2113799.93778
1774999380000,2026-03-31T23:23:00Z,candles,BTC-USDT-SWAP,1m,68218.5,68250,68215,68215.1,1916.45,19.1645,1307795.99366
1774999440000,2026-03-31T23:24:00Z,candles,BTC-USDT-SWAP,1m,68215,68228.1,68200,68228,1174.78,11.7478,801347.36306
1774999500000,2026-03-31T23:25:00Z,candles,BTC-USDT-SWAP,1m,68228.1,68266.7,68207.3,68207.4,3638.05,36.3805,2482476.31376
1774999560000,2026-03-31T23:26:00Z,candles,BTC-USDT-SWAP,1m,68207.4,68207.5,68190.4,68197.7,1683.75,16.8375,1148304.30042
1774999620000,2026-03-31T23:27:00Z,candles,BTC-USDT-SWAP,1m,68197.7,68201.8,68181.2,68190.2,1093.92,10.9392,745943.63364
1774999680000,2026-03-31T23:28:00Z,candles,BTC-USDT-SWAP,1m,68190.3,68230.4,68190.2,68230.4,1372.22,13.7222,935913.11707
1774999740000,2026-03-31T23:29:00Z,candles,BTC-USDT-SWAP,1m,68230.5,68250,68212.8,68223.7,2540.92,25.4092,1733736.90855
1774999800000,2026-03-31T23:30:00Z,candles,BTC-USDT-SWAP,1m,68223.7,68237.1,68200.1,68228.7,2118.08,21.1808,1444983.55056
1774999860000,2026-03-31T23:31:00Z,candles,BTC-USDT-SWAP,1m,68228.6,68234.9,68216.3,68217.8,1727.61,17.2761,1178747.55955
1774999920000,2026-03-31T23:32:00Z,candles,BTC-USDT-SWAP,1m,68217.9,68260.9,68217.8,68260.7,1640.73,16.4073,1119798.9444
1774999980000,2026-03-31T23:33:00Z,candles,BTC-USDT-SWAP,1m,68260.6,68267.6,68239.7,68248.1,2493.45,24.9345,1701875.20039
1775000040000,2026-03-31T23:34:00Z,candles,BTC-USDT-SWAP,1m,68248.2,68248.2,68223.2,68223.2,1695.88,16.9588,1157133.36619
1775000100000,2026-03-31T23:35:00Z,candles,BTC-USDT-SWAP,1m,68223.2,68269,68218.5,68248.1,4372.67,43.7267,2983625.3766
1775000160000,2026-03-31T23:36:00Z,candles,BTC-USDT-SWAP,1m,68248.1,68302.9,68235.4,68300.6,2148.94,21.4894,1467286.34687
1775000220000,2026-03-31T23:37:00Z,candles,BTC-USDT-SWAP,1m,68300.7,68320,68289.4,68289.4,1937.18,19.3718,1323346.79487
1775000280000,2026-03-31T23:38:00Z,candles,BTC-USDT-SWAP,1m,68289.4,68327.6,68289.4,68305.3,1584.76,15.8476,1082476.31393
1775000340000,2026-03-31T23:39:00Z,candles,BTC-USDT-SWAP,1m,68305.4,68329.8,68293.6,68319.1,2139.83,21.3983,1461797.08255
1775000400000,2026-03-31T23:40:00Z,candles,BTC-USDT-SWAP,1m,68319,68319,68300,68310.4,1680.95,16.8095,1148325.39314
1775000460000,2026-03-31T23:41:00Z,candles,BTC-USDT-SWAP,1m,68310.5,68312.6,68289.4,68289.5,857.65,8.5765,585761.78904
1775000520000,2026-03-31T23:42:00Z,candles,BTC-USDT-SWAP,1m,68289.4,68300,68277.3,68286,2087.82,20.8782,1425724.76348
1775000580000,2026-03-31T23:43:00Z,candles,BTC-USDT-SWAP,1m,68285.9,68285.9,68269.5,68275.4,4461.13,44.6113,3045793.58961
1775000640000,2026-03-31T23:44:00Z,candles,BTC-USDT-SWAP,1m,68275.4,68287.9,68265.1,68271,2175.15,21.7515,1485153.45835
1775000700000,2026-03-31T23:45:00Z,candles,BTC-USDT-SWAP,1m,68271,68271.1,68200,68200,3957.21,39.5721,2700162.74493
1775000760000,2026-03-31T23:46:00Z,candles,BTC-USDT-SWAP,1m,68200,68220,68200,68209.4,1238.57,12.3857,844834.97321
1775000820000,2026-03-31T23:47:00Z,candles,BTC-USDT-SWAP,1m,68209.4,68230.6,68207.4,68207.4,927.73,9.2773,632877.32815
1775000880000,2026-03-31T23:48:00Z,candles,BTC-USDT-SWAP,1m,68207.4,68207.4,68173.2,68173.4,1859.41,18.5941,1267887.57096
1775000940000,2026-03-31T23:49:00Z,candles,BTC-USDT-SWAP,1m,68173.4,68194.2,68173.3,68193.1,1306.14,13.0614,890572.25984
1775001000000,2026-03-31T23:50:00Z,candles,BTC-USDT-SWAP,1m,68193.2,68258.4,68183.3,68250.1,4375.98,43.7598,2984839.3692
1775001060000,2026-03-31T23:51:00Z,candles,BTC-USDT-SWAP,1m,68250.1,68250.1,68221.6,68226.9,895.53,8.9553,611011.53118
1775001120000,2026-03-31T23:52:00Z,candles,BTC-USDT-SWAP,1m,68226.8,68238.2,68217.9,68227.5,1729.32,17.2932,1179902.64474
1775001180000,2026-03-31T23:53:00Z,candles,BTC-USDT-SWAP,1m,68227.5,68300,68227.5,68284,2846.8,28.468,1943083.71365
1775001240000,2026-03-31T23:54:00Z,candles,BTC-USDT-SWAP,1m,68284.1,68292.4,68237.8,68241.7,2869.88,28.6988,1959097.85612
1775001300000,2026-03-31T23:55:00Z,candles,BTC-USDT-SWAP,1m,68241.6,68248.1,68220,68237.9,2528.87,25.2887,1725526.75896
1775001360000,2026-03-31T23:56:00Z,candles,BTC-USDT-SWAP,1m,68237.9,68250.8,68225.5,68234.4,3766.95,37.6695,2570440.34394
1775001420000,2026-03-31T23:57:00Z,candles,BTC-USDT-SWAP,1m,68234.4,68243.6,68210.8,68210.8,1245.46,12.4546,849845.32997
1775001480000,2026-03-31T23:58:00Z,candles,BTC-USDT-SWAP,1m,68210.8,68275,68210.8,68251.7,1311.15,13.1115,894879.34089
1775001540000,2026-03-31T23:59:00Z,candles,BTC-USDT-SWAP,1m,68251.6,68275.9,68233.9,68241.2,1956.76,19.5676,1335628.86448
